{"cameraMode":{"drawMode":0,"name":"Shaded","section":"Shading Mode"},"sceneLighting":false,"audioPlay":false,"sceneViewState":{"showFog":true,"showMaterialUpdate":false,"showSkybox":false,"showFlares":true,"showImageEffects":true,"showParticleSystems":true},"in2DMode":false,"pivot":{"x":-22.26083755493164,"y":0.3018016815185547,"z":0.3531261682510376},"rotation":{"x":-0.14068593084812165,"y":0.36261090636253359,"z":-0.05547507479786873,"w":-0.9195931553840637},"size":2.0753870010375978,"orthographic":false}