{"cameraMode":{"drawMode":0,"name":"Shaded","section":"Shading Mode"},"sceneLighting":false,"audioPlay":false,"sceneViewState":{"showFog":true,"showMaterialUpdate":false,"showSkybox":false,"showFlares":true,"showImageEffects":true,"showParticleSystems":true},"in2DMode":false,"pivot":{"x":-21.39166831970215,"y":-1.9765979051589966,"z":-1.1423879861831666},"rotation":{"x":-0.18553318083286286,"y":0.4597625136375427,"z":-0.09886573255062103,"w":-0.862803041934967},"size":1.5368081331253052,"orthographic":false}