{"cameraMode":{"drawMode":0,"name":"Shaded","section":"Shading Mode"},"sceneLighting":false,"audioPlay":false,"sceneViewState":{"showFog":true,"showMaterialUpdate":false,"showSkybox":false,"showFlares":true,"showImageEffects":true,"showParticleSystems":true},"in2DMode":false,"pivot":{"x":-18.472923278808595,"y":1.6074247360229493,"z":-0.002949655055999756},"rotation":{"x":-0.1588163524866104,"y":0.6898224353790283,"z":-0.15919765830039979,"w":-0.6881704926490784},"size":1.3813258409500123,"orthographic":false}