{"cameraMode":{"drawMode":0,"name":"Shaded","section":"Shading Mode"},"sceneLighting":false,"audioPlay":false,"sceneViewState":{"showFog":true,"showMaterialUpdate":false,"showSkybox":false,"showFlares":true,"showImageEffects":true,"showParticleSystems":true},"in2DMode":false,"pivot":{"x":-22.049999237060548,"y":-5.581821918487549,"z":-61.69753646850586},"rotation":{"x":-0.13039225339889527,"y":0.3493901491165161,"z":-0.04916904494166374,"w":-0.9265567064285278},"size":9.011540412902832,"orthographic":false}