{"cameraMode":{"drawMode":0,"name":"Shaded","section":"Shading Mode"},"sceneLighting":false,"audioPlay":false,"sceneViewState":{"showFog":true,"showMaterialUpdate":false,"showSkybox":false,"showFlares":true,"showImageEffects":true,"showParticleSystems":true},"in2DMode":false,"pivot":{"x":58.00877380371094,"y":7.773125648498535,"z":0.9396182298660278},"rotation":{"x":-0.13978692889213563,"y":0.4951372444629669,"z":-0.08107937127351761,"w":-0.8536584973335266},"size":2.7926013469696047,"orthographic":false}