{"cameraMode":{"drawMode":0,"name":"Shaded","section":"Shading Mode"},"sceneLighting":true,"audioPlay":false,"sceneViewState":{"showFog":true,"showMaterialUpdate":false,"showSkybox":false,"showFlares":true,"showImageEffects":true,"showParticleSystems":true},"in2DMode":false,"pivot":{"x":3.033047914505005,"y":2.656050205230713,"z":3.970942497253418},"rotation":{"x":-0.14068593084812165,"y":0.36261090636253359,"z":-0.05547507479786873,"w":-0.9195931553840637},"size":7.291649341583252,"orthographic":false}